{"category_priors": {"Coding": {"Neutral": 0.31138246838203226, "Productive": 0.662887047535979, "Unproductive": 0.02573048408198866}, "Communication": {"Neutral": 0.6691519105312209, "Productive": 0.22180801491146318, "Unproductive": 0.10904007455731593}, "Documents": {"Neutral": 0.588, "Productive": 0.33466666666666667, "Unproductive": 0.07733333333333334}, "Entertainment": {"Neutral": 0.6074074074074074, "Productive": 0.2111111111111111, "Unproductive": 0.1814814814814815}, "Idle": {"Neutral": 0.04905660377358491, "Productive": 0.0037735849056603774, "Unproductive": 0.9471698113207547}, "Learning": {"Neutral": 0.35384615384615387, "Productive": 0.6338461538461538, "Unproductive": 0.012307692307692308}, "Social Media": {"Neutral": 0.3875432525951557, "Productive": 0.031141868512110725, "Unproductive": 0.5813148788927336}, "System": {"Neutral": 0.6408602150537634, "Productive": 0.11397849462365592, "Unproductive": 0.24516129032258063}}, "report": {"accuracy": 65.2, "report": {"Neutral": {"precision": 0.6090909090909091, "recall": 0.7335766423357665, "f1-score": 0.6655629139072847, "support": 548.0}, "Productive": {"precision": 0.6921348314606741, "recall": 0.6443514644351465, "f1-score": 0.66738894907909, "support": 478.0}, "Unproductive": {"precision": 0.7578947368421053, "recall": 0.41379310344827586, "f1-score": 0.5353159851301115, "support": 174.0}, "accuracy": 0.6516666666666666, "macro avg": {"precision": 0.6863734924645629, "recall": 0.5972404034063962, "f1-score": 0.622755949372162, "support": 1200.0}, "weighted avg": {"precision": 0.6637466265254557, "recall": 0.6516666666666666, "f1-score": 0.6474044799113637, "support": 1200.0}}, "n_samples": 6000, "feature_imp": {"hour": 0.060779716819524765, "duration_sec": 0.0687878280878067, "is_idle": 0.18750600516796112, "keystrokes": 0.10081598162651062, "mouse_clicks": 0.08409834653139114, "category_enc": 0.39566388726234436, "day_enc": 0.05312225595116615, "session_idx": 0.049225952476263046}}}